{
    "name": "root",
    "gauges": {
        "RollerAgent.Policy.Entropy.mean": {
            "value": 3.139808416366577,
            "min": 3.131439447402954,
            "max": 3.4980175495147705,
            "count": 29
        },
        "RollerAgent.Policy.Entropy.sum": {
            "value": 31084.103515625,
            "min": 31081.8125,
            "max": 36379.3828125,
            "count": 29
        },
        "RollerAgent.Goal.Correct.mean": {
            "value": 0.0,
            "min": 0.0,
            "max": 0.0,
            "count": 26
        },
        "RollerAgent.Goal.Correct.sum": {
            "value": 0.0,
            "min": 0.0,
            "max": 0.0,
            "count": 26
        },
        "RollerAgent.Environment.EpisodeLength.mean": {
            "value": 3324.0,
            "min": 19.867924528301888,
            "max": 3324.0,
            "count": 26
        },
        "RollerAgent.Environment.EpisodeLength.sum": {
            "value": 3324.0,
            "min": 3054.0,
            "max": 11749.0,
            "count": 26
        },
        "RollerAgent.Step.mean": {
            "value": 289979.0,
            "min": 9997.0,
            "max": 289979.0,
            "count": 29
        },
        "RollerAgent.Step.sum": {
            "value": 289979.0,
            "min": 9997.0,
            "max": 289979.0,
            "count": 29
        },
        "RollerAgent.Policy.ExtrinsicValueEstimate.mean": {
            "value": -0.26263681054115295,
            "min": -0.638014018535614,
            "max": 0.04430495947599411,
            "count": 29
        },
        "RollerAgent.Policy.ExtrinsicValueEstimate.sum": {
            "value": -40.971343994140625,
            "min": -221.9906005859375,
            "max": 21.97525978088379,
            "count": 29
        },
        "RollerAgent.Environment.CumulativeReward.mean": {
            "value": -1.0540332328528166,
            "min": -1.5090667167678475,
            "max": -0.6415498743299395,
            "count": 26
        },
        "RollerAgent.Environment.CumulativeReward.sum": {
            "value": -1.0540332328528166,
            "min": -355.6244406979531,
            "max": -1.0540332328528166,
            "count": 26
        },
        "RollerAgent.Policy.ExtrinsicReward.mean": {
            "value": -1.0540332328528166,
            "min": -1.5090667167678475,
            "max": -0.6415498743299395,
            "count": 26
        },
        "RollerAgent.Policy.ExtrinsicReward.sum": {
            "value": -1.0540332328528166,
            "min": -355.6244406979531,
            "max": -1.0540332328528166,
            "count": 26
        },
        "RollerAgent.IsTraining.mean": {
            "value": 1.0,
            "min": 1.0,
            "max": 1.0,
            "count": 29
        },
        "RollerAgent.IsTraining.sum": {
            "value": 1.0,
            "min": 1.0,
            "max": 1.0,
            "count": 29
        },
        "RollerAgent.Losses.PolicyLoss.mean": {
            "value": 0.023174214502796532,
            "min": 0.016025423241080715,
            "max": 0.035303834480388714,
            "count": 28
        },
        "RollerAgent.Losses.PolicyLoss.sum": {
            "value": 0.023174214502796532,
            "min": 0.016025423241080715,
            "max": 0.035303834480388714,
            "count": 28
        },
        "RollerAgent.Losses.ValueLoss.mean": {
            "value": 0.00033286986435996366,
            "min": 0.00033286986435996366,
            "max": 0.18345647503932316,
            "count": 28
        },
        "RollerAgent.Losses.ValueLoss.sum": {
            "value": 0.00033286986435996366,
            "min": 0.00033286986435996366,
            "max": 0.18345647503932316,
            "count": 28
        },
        "RollerAgent.Policy.LearningRate.mean": {
            "value": 0.00029982724145758614,
            "min": 0.00029982724145758614,
            "max": 0.0002999938476020509,
            "count": 28
        },
        "RollerAgent.Policy.LearningRate.sum": {
            "value": 0.00029982724145758614,
            "min": 0.00029982724145758614,
            "max": 0.0002999938476020509,
            "count": 28
        },
        "RollerAgent.Policy.Epsilon.mean": {
            "value": 0.19994241379999994,
            "min": 0.19994241379999994,
            "max": 0.19999794920000005,
            "count": 28
        },
        "RollerAgent.Policy.Epsilon.sum": {
            "value": 0.19994241379999994,
            "min": 0.19994241379999994,
            "max": 0.19999794920000005,
            "count": 28
        },
        "RollerAgent.Policy.Beta.mean": {
            "value": 0.0004997178276200001,
            "min": 0.0004997178276200001,
            "max": 0.0004999899510800002,
            "count": 28
        },
        "RollerAgent.Policy.Beta.sum": {
            "value": 0.0004997178276200001,
            "min": 0.0004997178276200001,
            "max": 0.0004999899510800002,
            "count": 28
        }
    },
    "metadata": {
        "timer_format_version": "0.1.0",
        "start_time_seconds": "1710365473",
        "python_version": "3.10.12 | packaged by Anaconda, Inc. | (main, Jul  5 2023, 19:01:18) [MSC v.1916 64 bit (AMD64)]",
        "command_line_arguments": "C:\\Users\\tbont\\anaconda3\\envs\\mlagents\\Scripts\\mlagents-learn RollerballConfig.yaml --run-id=MazeRunner_Seeded_42_3",
        "mlagents_version": "1.1.0.dev0",
        "mlagents_envs_version": "1.1.0.dev0",
        "communication_protocol_version": "1.5.0",
        "pytorch_version": "1.13.1+cu117",
        "numpy_version": "1.23.5",
        "end_time_seconds": "1710365701"
    },
    "total": 228.00481889996445,
    "count": 1,
    "self": 0.004474700021091849,
    "children": {
        "run_training.setup": {
            "total": 0.06888849998358637,
            "count": 1,
            "self": 0.06888849998358637
        },
        "TrainerController.start_learning": {
            "total": 227.93145569995977,
            "count": 1,
            "self": 0.28316679602721706,
            "children": {
                "TrainerController._reset_env": {
                    "total": 4.423299400019459,
                    "count": 1,
                    "self": 4.423299400019459
                },
                "TrainerController.advance": {
                    "total": 223.15018540387973,
                    "count": 13829,
                    "self": 0.26399680005852133,
                    "children": {
                        "env_step": {
                            "total": 156.6882818019949,
                            "count": 13829,
                            "self": 116.46861450001597,
                            "children": {
                                "SubprocessEnvManager._take_step": {
                                    "total": 40.06585850211559,
                                    "count": 13829,
                                    "self": 0.7995436034398153,
                                    "children": {
                                        "TorchPolicy.evaluate": {
                                            "total": 39.26631489867577,
                                            "count": 11823,
                                            "self": 39.26631489867577
                                        }
                                    }
                                },
                                "workers": {
                                    "total": 0.1538087998633273,
                                    "count": 13828,
                                    "self": 0.0,
                                    "children": {
                                        "worker_root": {
                                            "total": 214.9020517957979,
                                            "count": 13828,
                                            "is_parallel": true,