{
    "name": "root",
    "gauges": {
        "RollerAgent.Policy.Entropy.mean": {
            "value": 3.1013095378875732,
            "min": 3.1013095378875732,
            "max": 3.4982705116271973,
            "count": 20
        },
        "RollerAgent.Policy.Entropy.sum": {
            "value": 31323.2265625,
            "min": 30659.892578125,
            "max": 36556.92578125,
            "count": 20
        },
        "RollerAgent.Goal.Correct.mean": {
            "value": 0.0,
            "min": 0.0,
            "max": 0.0,
            "count": 20
        },
        "RollerAgent.Goal.Correct.sum": {
            "value": 0.0,
            "min": 0.0,
            "max": 0.0,
            "count": 20
        },
        "RollerAgent.Environment.EpisodeLength.mean": {
            "value": 57.32941176470588,
            "min": 18.641176470588235,
            "max": 59.0,
            "count": 20
        },
        "RollerAgent.Environment.EpisodeLength.sum": {
            "value": 9746.0,
            "min": 9507.0,
            "max": 9909.0,
            "count": 20
        },
        "RollerAgent.Step.mean": {
            "value": 199949.0,
            "min": 9988.0,
            "max": 199949.0,
            "count": 20
        },
        "RollerAgent.Step.sum": {
            "value": 199949.0,
            "min": 9988.0,
            "max": 199949.0,
            "count": 20
        },
        "RollerAgent.Policy.ExtrinsicValueEstimate.mean": {
            "value": -1.702309012413025,
            "min": -2.2223541736602783,
            "max": -0.11261416971683502,
            "count": 20
        },
        "RollerAgent.Policy.ExtrinsicValueEstimate.sum": {
            "value": -291.0948486328125,
            "min": -692.682861328125,
            "max": -57.320613861083984,
            "count": 20
        },
        "RollerAgent.Environment.CumulativeReward.mean": {
            "value": -1.0348927326369703,
            "min": -3.156136205950514,
            "max": -0.9721955517808835,
            "count": 20
        },
        "RollerAgent.Environment.CumulativeReward.sum": {
            "value": -176.96665728092194,
            "min": -1606.4733288288116,
            "max": -162.35665714740753,
            "count": 20
        },
        "RollerAgent.Policy.ExtrinsicReward.mean": {
            "value": -1.0348927326369703,
            "min": -3.156136205950514,
            "max": -0.9721955517808835,
            "count": 20
        },
        "RollerAgent.Policy.ExtrinsicReward.sum": {
            "value": -176.96665728092194,
            "min": -1606.4733288288116,
            "max": -162.35665714740753,
            "count": 20
        },
        "RollerAgent.IsTraining.mean": {
            "value": 1.0,
            "min": 1.0,
            "max": 1.0,
            "count": 20
        },
        "RollerAgent.IsTraining.sum": {
            "value": 1.0,
            "min": 1.0,
            "max": 1.0,
            "count": 20
        },
        "RollerAgent.Losses.PolicyLoss.mean": {
            "value": 0.02207465429091826,
            "min": 0.01911698144200879,
            "max": 0.03024385327589698,
            "count": 19
        },
        "RollerAgent.Losses.PolicyLoss.sum": {
            "value": 0.02207465429091826,
            "min": 0.01911698144200879,
            "max": 0.03024385327589698,
            "count": 19
        },
        "RollerAgent.Losses.ValueLoss.mean": {
            "value": 0.0036964756591866413,
            "min": 0.0026900606191096205,
            "max": 1.3859925031661988,
            "count": 19
        },
        "RollerAgent.Losses.ValueLoss.sum": {
            "value": 0.0036964756591866413,
            "min": 0.0026900606191096205,
            "max": 1.3859925031661988,
            "count": 19
        },
        "RollerAgent.Policy.LearningRate.mean": {
            "value": 0.0002882949639016801,
            "min": 0.0002882949639016801,
            "max": 0.0002993839802053401,
            "count": 19
        },
        "RollerAgent.Policy.LearningRate.sum": {
            "value": 0.0002882949639016801,
            "min": 0.0002882949639016801,
            "max": 0.0002993839802053401,
            "count": 19
        },
        "RollerAgent.Policy.Epsilon.mean": {
            "value": 0.19609832,
            "min": 0.19609832,
            "max": 0.19979466000000007,
            "count": 19
        },
        "RollerAgent.Policy.Epsilon.sum": {
            "value": 0.19609832,
            "min": 0.19609832,
            "max": 0.19979466000000007,
            "count": 19
        },
        "RollerAgent.Policy.Beta.mean": {
            "value": 0.0004808817679999999,
            "min": 0.0004808817679999999,
            "max": 0.0004989938340000001,
            "count": 19
        },
        "RollerAgent.Policy.Beta.sum": {
            "value": 0.0004808817679999999,
            "min": 0.0004808817679999999,
            "max": 0.0004989938340000001,
            "count": 19
        }
    },
    "metadata": {
        "timer_format_version": "0.1.0",
        "start_time_seconds": "1710354253",
        "python_version": "3.10.12 | packaged by Anaconda, Inc. | (main, Jul  5 2023, 19:01:18) [MSC v.1916 64 bit (AMD64)]",
        "command_line_arguments": "C:\\Users\\tbont\\anaconda3\\envs\\mlagents\\Scripts\\mlagents-learn RollerballConfig.yaml --run-id=MazeRunner_Seeded_42_0",
        "mlagents_version": "1.1.0.dev0",
        "mlagents_envs_version": "1.1.0.dev0",
        "communication_protocol_version": "1.5.0",
        "pytorch_version": "1.13.1+cu117",
        "numpy_version": "1.23.5",
        "end_time_seconds": "1710354419"
    },
    "total": 165.4798940999899,
    "count": 1,
    "self": 0.005464699992444366,
    "children": {
        "run_training.setup": {
            "total": 0.06568729999708012,
            "count": 1,
            "self": 0.06568729999708012
        },
        "TrainerController.start_learning": {
            "total": 165.40874210000038,
            "count": 1,
            "self": 0.2286251990008168,
            "children": {
                "TrainerController._reset_env": {
                    "total": 6.805697200004943,
                    "count": 1,
                    "self": 6.805697200004943
                },
                "TrainerController.advance": {
                    "total": 158.28223680099472,
                    "count": 11807,
                    "self": 0.2057019984931685,
                    "children": {
                        "env_step": {
                            "total": 110.35805830243044,
                            "count": 11807,
                            "self": 81.58071640634444,
                            "children": {
                                "SubprocessEnvManager._take_step": {
                                    "total": 28.651193995494395,
                                    "count": 11807,
                                    "self": 0.5767883984954096,
                                    "children": {
                                        "TorchPolicy.evaluate": {
                                            "total": 28.074405596998986,
                                            "count": 8243,
                                            "self": 28.074405596998986
                                        }
                                    }
                                },
                                "workers": {
                                    "total": 0.1261479005916044,
                                    "count": 11806,
                                    "self": 0.0,
                                    "children": {
                                        "worker_root": {
                                            "total": 154.8853256989969,
                                            "count": 11806,
                                            "is_parallel": true,