{
    "name": "root",
    "metadata": {
        "timer_format_version": "0.1.0",
        "start_time_seconds": "1710299751",
        "python_version": "3.10.12 | packaged by Anaconda, Inc. | (main, Jul  5 2023, 19:01:18) [MSC v.1916 64 bit (AMD64)]",
        "command_line_arguments": "C:\\Users\\tbont\\anaconda3\\envs\\mlagents\\Scripts\\mlagents-learn RollerballConfig.yaml --run-id=MazeRunner_42",
        "mlagents_version": "1.1.0.dev0",
        "mlagents_envs_version": "1.1.0.dev0",
        "communication_protocol_version": "1.5.0",
        "pytorch_version": "1.13.1+cu117",
        "numpy_version": "1.23.5",
        "end_time_seconds": "1710299826"
    },
    "total": 74.4208207000047,
    "count": 1,
    "self": 0.0045696000452153385,
    "children": {
        "run_training.setup": {
            "total": 0.06493609998142347,
            "count": 1,
            "self": 0.06493609998142347
        },
        "TrainerController.start_learning": {
            "total": 74.35131499997806,
            "count": 1,
            "self": 0.01573859906056896,
            "children": {
                "TrainerController._reset_env": {
                    "total": 3.1613598999683745,
                    "count": 1,
                    "self": 3.1613598999683745
                },
                "TrainerController.advance": {
                    "total": 71.10241010092432,
                    "count": 1029,
                    "self": 0.014248601160943508,
                    "children": {
                        "env_step": {
                            "total": 70.98328849923564,
                            "count": 1029,
                            "self": 67.335574199853,
                            "children": {
                                "SubprocessEnvManager._take_step": {
                                    "total": 3.6385766986059025,
                                    "count": 1029,
                                    "self": 0.04750499821966514,
                                    "children": {
                                        "TorchPolicy.evaluate": {
                                            "total": 3.5910717003862374,
                                            "count": 1024,
                                            "self": 3.5910717003862374
                                        }
                                    }
                                },
                                "workers": {
                                    "total": 0.009137600776739419,
                                    "count": 1028,
                                    "self": 0.0,
                                    "children": {
                                        "worker_root": {
                                            "total": 9.041258300014306,
                                            "count": 1028,
                                            "is_parallel": true,
                                            "self": 4.926670701475814,
                                            "children": {
                                                "steps_from_proto": {
                                                    "total": 0.0002921000123023987,
                                                    "count": 1,
                                                    "is_parallel": true,
                                                    "self": 0.0001294999965466559,
                                                    "children": {
                                                        "_process_rank_one_or_two_observation": {
                                                            "total": 0.0001626000157557428,
                                                            "count": 4,
                                                            "is_parallel": true,
                                                            "self": 0.0001626000157557428
                                                        }
                                                    }
                                                },
                                                "UnityEnvironment.step": {
                                                    "total": 4.1142954985261895,
                                                    "count": 1028,
                                                    "is_parallel": true,
                                                    "self": 0.059226298762951046,
                                                    "children": {
                                                        "UnityEnvironment._generate_step_input": {
                                                            "total": 0.053216400323435664,
                                                            "count": 1028,
                                                            "is_parallel": true,
                                                            "self": 0.053216400323435664
                                                        },
                                                        "communicator.exchange": {
                                                            "total": 3.815099499945063,
                                                            "count": 1028,
                                                            "is_parallel": true,
                                                            "self": 3.815099499945063
                                                        },
                                                        "steps_from_proto": {
                                                            "total": 0.18675329949473962,
                                                            "count": 1028,
                                                            "is_parallel": true,
                                                            "self": 0.09216029976960272,
                                                            "children": {
                                                                "_process_rank_one_or_two_observation": {
                                                                    "total": 0.0945929997251369,
                                                                    "count": 4112,
                                                                    "is_parallel": true,
                                                                    "self": 0.0945929997251369
                                                                }
                                                            }
                                                        }
                                                    }
                                                }
                                            }
                                        }
                                    }
                                }
                            }
                        },
                        "trainer_advance": {
                            "total": 0.10487300052773207,
                            "count": 1028,
                            "self": 0.01914019975811243,
                            "children": {
                                "process_trajectory": {
                                    "total": 0.08573280076961964,
                                    "count": 1028,
                                    "self": 0.08573280076961964
                                }
                            }
                        }
                    }
                },
                "TrainerController._save_models": {
                    "total": 0.07180640002479777,
                    "count": 1,
                    "self": 0.007611800043378025,
                    "children": {
                        "RLTrainer._checkpoint": {
                            "total": 0.06419459998141974,
                            "count": 1,