{
    "name": "root",
    "metadata": {
        "timer_format_version": "0.1.0",
        "start_time_seconds": "1710288443",
        "python_version": "3.10.12 | packaged by Anaconda, Inc. | (main, Jul  5 2023, 19:01:18) [MSC v.1916 64 bit (AMD64)]",
        "command_line_arguments": "C:\\Users\\tbont\\anaconda3\\envs\\mlagents\\Scripts\\mlagents-learn RollerballConfig.yaml --run-id=MazeRunner_4",
        "mlagents_version": "1.1.0.dev0",
        "mlagents_envs_version": "1.1.0.dev0",
        "communication_protocol_version": "1.5.0",
        "pytorch_version": "1.13.1+cu117",
        "numpy_version": "1.23.5",
        "end_time_seconds": "1710288529"
    },
    "total": 85.6594634000212,
    "count": 1,
    "self": 0.004148800042457879,
    "children": {
        "run_training.setup": {
            "total": 0.06342469999799505,
            "count": 1,
            "self": 0.06342469999799505
        },
        "TrainerController.start_learning": {
            "total": 85.59188989998074,
            "count": 1,
            "self": 0.00033279997296631336,
            "children": {
                "TrainerController._reset_env": {
                    "total": 10.290237999986857,
                    "count": 1,
                    "self": 10.290237999986857
                },
                "TrainerController.advance": {
                    "total": 74.61505469999975,
                    "count": 1,
                    "self": 1.7600017599761486e-05,
                    "children": {
                        "env_step": {
                            "total": 74.61503709998215,
                            "count": 1,
                            "self": 74.6150318,
                            "children": {
                                "SubprocessEnvManager._take_step": {
                                    "total": 5.299982149153948e-06,
                                    "count": 1,
                                    "self": 5.299982149153948e-06
                                }
                            }
                        }
                    }
                },
                "trainer_threads": {
                    "total": 1.800013706088066e-06,
                    "count": 1,
                    "self": 1.800013706088066e-06
                },
                "TrainerController._save_models": {
                    "total": 0.686262600007467,
                    "count": 1,
                    "self": 0.011956300004385412,
                    "children": {
                        "RLTrainer._checkpoint": {
                            "total": 0.6743063000030816,
                            "count": 1,
                            "self": 0.6743063000030816
                        }
                    }
                }
            }
        }
    }
}