{
    "name": "root",
    "metadata": {
        "timer_format_version": "0.1.0",
        "start_time_seconds": "1710294001",
        "python_version": "3.10.12 | packaged by Anaconda, Inc. | (main, Jul  5 2023, 19:01:18) [MSC v.1916 64 bit (AMD64)]",
        "command_line_arguments": "C:\\Users\\tbont\\anaconda3\\envs\\mlagents\\Scripts\\mlagents-learn RollerballConfig2.yaml --run-id=MazeRunner_12",
        "mlagents_version": "1.1.0.dev0",
        "mlagents_envs_version": "1.1.0.dev0",
        "communication_protocol_version": "1.5.0",
        "pytorch_version": "1.13.1+cu117",
        "numpy_version": "1.23.5",
        "end_time_seconds": "1710294146"
    },
    "total": 145.67313460004516,
    "count": 1,
    "self": 0.004457700008060783,
    "children": {
        "run_training.setup": {
            "total": 0.06666520005092025,
            "count": 1,
            "self": 0.06666520005092025
        },
        "TrainerController.start_learning": {
            "total": 145.60201169998618,
            "count": 1,
            "self": 0.0038785000797361135,
            "children": {
                "TrainerController._reset_env": {
                    "total": 9.81108509999467,
                    "count": 1,
                    "self": 9.81108509999467
                },
                "TrainerController.advance": {
                    "total": 135.63236940000206,
                    "count": 1,
                    "self": 1.6700010746717453e-05,
                    "children": {
                        "env_step": {
                            "total": 135.63235269999132,
                            "count": 1,
                            "self": 135.63233280007262,
                            "children": {
                                "SubprocessEnvManager._take_step": {
                                    "total": 1.989991869777441e-05,
                                    "count": 2,
                                    "self": 1.989991869777441e-05
                                }
                            }
                        }
                    }
                },
                "trainer_threads": {
                    "total": 8.999486453831196e-07,
                    "count": 1,
                    "self": 8.999486453831196e-07
                },
                "TrainerController._save_models": {
                    "total": 0.154677799961064,
                    "count": 1,
                    "self": 0.0070785999414511025,
                    "children": {
                        "RLTrainer._checkpoint": {
                            "total": 0.1475992000196129,
                            "count": 1,
                            "self": 0.1475992000196129
                        }
                    }
                }
            }
        }
    }
}