{
    "name": "root",
    "gauges": {
        "RollerAgent.Policy.Entropy.mean": {
            "value": 3.495213031768799,
            "min": 3.495213031768799,
            "max": 3.4983713626861572,
            "count": 2
        },
        "RollerAgent.Policy.Entropy.sum": {
            "value": 34756.3984375,
            "min": 34756.3984375,
            "max": 35375.53125,
            "count": 2
        },
        "RollerAgent.Goal.Correct.mean": {
            "value": 0.002793296089385475,
            "min": 0.002583979328165375,
            "max": 0.002793296089385475,
            "count": 2
        },
        "RollerAgent.Goal.Correct.sum": {
            "value": 2.0,
            "min": 2.0,
            "max": 2.0,
            "count": 2
        },
        "RollerAgent.Environment.EpisodeLength.mean": {
            "value": 19.04208416833667,
            "min": 17.926275992438562,
            "max": 19.04208416833667,
            "count": 2
        },
        "RollerAgent.Environment.EpisodeLength.sum": {
            "value": 9502.0,
            "min": 9483.0,
            "max": 9502.0,
            "count": 2
        },
        "RollerAgent.Step.mean": {
            "value": 19997.0,
            "min": 9989.0,
            "max": 19997.0,
            "count": 2
        },
        "RollerAgent.Step.sum": {
            "value": 19997.0,
            "min": 9989.0,
            "max": 19997.0,
            "count": 2
        },
        "RollerAgent.Policy.ExtrinsicValueEstimate.mean": {
            "value": -0.3356202244758606,
            "min": -0.3356202244758606,
            "max": 0.016833743080496788,
            "count": 2
        },
        "RollerAgent.Policy.ExtrinsicValueEstimate.sum": {
            "value": -174.1868896484375,
            "min": -174.1868896484375,
            "max": 9.090221405029297,
            "count": 2
        },
        "RollerAgent.Environment.CumulativeReward.mean": {
            "value": -0.6570420578637259,
            "min": -0.6760492262053022,
            "max": -0.6570420578637259,
            "count": 2
        },
        "RollerAgent.Environment.CumulativeReward.sum": {
            "value": -327.86398687399924,
            "min": -356.9539914363995,
            "max": -327.86398687399924,
            "count": 2
        },
        "RollerAgent.Policy.ExtrinsicReward.mean": {
            "value": -0.6570420578637259,
            "min": -0.6760492262053022,
            "max": -0.6570420578637259,
            "count": 2
        },
        "RollerAgent.Policy.ExtrinsicReward.sum": {
            "value": -327.86398687399924,
            "min": -356.9539914363995,
            "max": -327.86398687399924,
            "count": 2
        },
        "RollerAgent.IsTraining.mean": {
            "value": 1.0,
            "min": 1.0,
            "max": 1.0,
            "count": 2
        },
        "RollerAgent.IsTraining.sum": {
            "value": 1.0,
            "min": 1.0,
            "max": 1.0,
            "count": 2
        },
        "RollerAgent.Losses.PolicyLoss.mean": {
            "value": 0.021927672872940698,
            "min": 0.021927672872940698,
            "max": 0.021927672872940698,
            "count": 1
        },
        "RollerAgent.Losses.PolicyLoss.sum": {
            "value": 0.021927672872940698,
            "min": 0.021927672872940698,
            "max": 0.021927672872940698,
            "count": 1
        },
        "RollerAgent.Losses.ValueLoss.mean": {
            "value": 13.1297913869222,
            "min": 13.1297913869222,
            "max": 13.1297913869222,
            "count": 1
        },
        "RollerAgent.Losses.ValueLoss.sum": {
            "value": 13.1297913869222,
            "min": 13.1297913869222,
            "max": 13.1297913869222,
            "count": 1
        },
        "RollerAgent.Policy.LearningRate.mean": {
            "value": 0.000293853002049,
            "min": 0.000293853002049,
            "max": 0.000293853002049,
            "count": 1
        },
        "RollerAgent.Policy.LearningRate.sum": {
            "value": 0.000293853002049,
            "min": 0.000293853002049,
            "max": 0.000293853002049,
            "count": 1
        },
        "RollerAgent.Policy.Epsilon.mean": {
            "value": 0.19795099999999996,
            "min": 0.19795099999999996,
            "max": 0.19795099999999996,
            "count": 1
        },
        "RollerAgent.Policy.Epsilon.sum": {
            "value": 0.19795099999999996,
            "min": 0.19795099999999996,
            "max": 0.19795099999999996,
            "count": 1
        },
        "RollerAgent.Policy.Beta.mean": {
            "value": 0.0004899599,
            "min": 0.0004899599,
            "max": 0.0004899599,
            "count": 1
        },
        "RollerAgent.Policy.Beta.sum": {
            "value": 0.0004899599,
            "min": 0.0004899599,
            "max": 0.0004899599,
            "count": 1
        }
    },
    "metadata": {
        "timer_format_version": "0.1.0",
        "start_time_seconds": "1710331606",
        "python_version": "3.10.12 | packaged by Anaconda, Inc. | (main, Jul  5 2023, 19:01:18) [MSC v.1916 64 bit (AMD64)]",
        "command_line_arguments": "C:\\Users\\tbont\\anaconda3\\envs\\mlagents\\Scripts\\mlagents-learn RollerballConfig.yaml --run-id=MazeRunner_55",
        "mlagents_version": "1.1.0.dev0",
        "mlagents_envs_version": "1.1.0.dev0",
        "communication_protocol_version": "1.5.0",
        "pytorch_version": "1.13.1+cu117",
        "numpy_version": "1.23.5",
        "end_time_seconds": "1710331804"
    },
    "total": 198.37103859998751,
    "count": 1,
    "self": 10.00574749999214,
    "children": {
        "run_training.setup": {
            "total": 0.06802459998289123,
            "count": 1,
            "self": 0.06802459998289123
        },
        "TrainerController.start_learning": {
            "total": 188.29726650001248,
            "count": 1,
            "self": 0.07922849990427494,
            "children": {
                "TrainerController._reset_env": {
                    "total": 11.202488099981565,
                    "count": 1,
                    "self": 11.202488099981565
                },
                "TrainerController.advance": {
                    "total": 176.9203255001339,
                    "count": 4201,
                    "self": 0.070484796713572,
                    "children": {
                        "env_step": {
                            "total": 169.71612590155564,
                            "count": 4201,
                            "self": 156.21828449930763,
                            "children": {
                                "SubprocessEnvManager._take_step": {
                                    "total": 13.453653601405676,
                                    "count": 4202,
                                    "self": 0.20580620411783457,
                                    "children": {
                                        "TorchPolicy.evaluate": {
                                            "total": 13.247847397287842,
                                            "count": 3374,
                                            "self": 13.247847397287842
                                        }
                                    }
                                },
                                "workers": {
                                    "total": 0.04418780084233731,
                                    "count": 4200,
                                    "self": 0.0,
                                    "children": {
                                        "worker_root": {
                                            "total": 79.71507359761745,
                                            "count": 4200,
                                            "is_parallel": true,
                                            "self": 24.987321393971797,