{
    "name": "root",
    "metadata": {
        "timer_format_version": "0.1.0",
        "start_time_seconds": "1710297696",
        "python_version": "3.10.12 | packaged by Anaconda, Inc. | (main, Jul  5 2023, 19:01:18) [MSC v.1916 64 bit (AMD64)]",
        "command_line_arguments": "C:\\Users\\tbont\\anaconda3\\envs\\mlagents\\Scripts\\mlagents-learn RollerballConfig2.yaml --run-id=MazeRunner_28",
        "mlagents_version": "1.1.0.dev0",
        "mlagents_envs_version": "1.1.0.dev0",
        "communication_protocol_version": "1.5.0",
        "pytorch_version": "1.13.1+cu117",
        "numpy_version": "1.23.5",
        "end_time_seconds": "1710297764"
    },
    "total": 68.0845475999522,
    "count": 1,
    "self": 10.004403799946886,
    "children": {
        "run_training.setup": {
            "total": 0.06239189999178052,
            "count": 1,
            "self": 0.06239189999178052
        },
        "TrainerController.start_learning": {
            "total": 58.017751900013536,
            "count": 1,
            "self": 0.016172599629499018,
            "children": {
                "TrainerController._reset_env": {
                    "total": 14.54004970000824,
                    "count": 1,
                    "self": 14.54004970000824
                },
                "TrainerController.advance": {
                    "total": 42.929815800336655,
                    "count": 1049,
                    "self": 0.014264799712691456,
                    "children": {
                        "env_step": {
                            "total": 42.4197714990587,
                            "count": 1049,
                            "self": 38.68721619877033,
                            "children": {
                                "SubprocessEnvManager._take_step": {
                                    "total": 3.7231158000649884,
                                    "count": 1050,
                                    "self": 0.05215219978708774,
                                    "children": {
                                        "TorchPolicy.evaluate": {
                                            "total": 3.6709636002779007,
                                            "count": 1050,
                                            "self": 3.6709636002779007
                                        }
                                    }
                                },
                                "workers": {
                                    "total": 0.009439500223379582,
                                    "count": 1048,
                                    "self": 0.0,
                                    "children": {
                                        "worker_root": {
                                            "total": 9.897636700072326,
                                            "count": 1048,
                                            "is_parallel": true,
                                            "self": 5.863758200430311,
                                            "children": {
                                                "steps_from_proto": {
                                                    "total": 0.0005460000247694552,
                                                    "count": 2,
                                                    "is_parallel": true,
                                                    "self": 0.0002566000330261886,
                                                    "children": {
                                                        "_process_rank_one_or_two_observation": {
                                                            "total": 0.0002893999917432666,
                                                            "count": 8,
                                                            "is_parallel": true,
                                                            "self": 0.0002893999917432666
                                                        }
                                                    }
                                                },
                                                "UnityEnvironment.step": {
                                                    "total": 4.033332499617245,
                                                    "count": 1048,
                                                    "is_parallel": true,
                                                    "self": 0.0570994988665916,
                                                    "children": {
                                                        "UnityEnvironment._generate_step_input": {
                                                            "total": 0.05243960052030161,
                                                            "count": 1048,
                                                            "is_parallel": true,
                                                            "self": 0.05243960052030161
                                                        },
                                                        "communicator.exchange": {
                                                            "total": 3.736729699827265,
                                                            "count": 1048,
                                                            "is_parallel": true,
                                                            "self": 3.736729699827265
                                                        },
                                                        "steps_from_proto": {
                                                            "total": 0.18706370040308684,
                                                            "count": 1048,
                                                            "is_parallel": true,
                                                            "self": 0.09427859983406961,
                                                            "children": {
                                                                "_process_rank_one_or_two_observation": {
                                                                    "total": 0.09278510056901723,
                                                                    "count": 4192,
                                                                    "is_parallel": true,
                                                                    "self": 0.09278510056901723
                                                                }
                                                            }
                                                        }
                                                    }
                                                }
                                            }
                                        }
                                    }
                                }
                            }
                        },
                        "trainer_advance": {
                            "total": 0.4957795015652664,
                            "count": 1048,
                            "self": 0.01932360272621736,
                            "children": {
                                "process_trajectory": {
                                    "total": 0.11499119887594134,
                                    "count": 1048,
                                    "self": 0.11499119887594134
                                },
                                "_update_policy": {
                                    "total": 0.3614646999631077,
                                    "count": 1,
                                    "self": 0.008806500001810491,
                                    "children": {
                                        "TorchPPOOptimizer.update": {
                                            "total": 0.3526581999612972,
                                            "count": 24,