{
    "name": "root",
    "metadata": {
        "timer_format_version": "0.1.0",
        "start_time_seconds": "1710298963",
        "python_version": "3.10.12 | packaged by Anaconda, Inc. | (main, Jul  5 2023, 19:01:18) [MSC v.1916 64 bit (AMD64)]",
        "command_line_arguments": "C:\\Users\\tbont\\anaconda3\\envs\\mlagents\\Scripts\\mlagents-learn RollerballConfig.yaml --run-id=MazeRunner_37",
        "mlagents_version": "1.1.0.dev0",
        "mlagents_envs_version": "1.1.0.dev0",
        "communication_protocol_version": "1.5.0",
        "pytorch_version": "1.13.1+cu117",
        "numpy_version": "1.23.5",
        "end_time_seconds": "1710299047"
    },
    "total": 84.17278089997126,
    "count": 1,
    "self": 10.00676099996781,
    "children": {
        "run_training.setup": {
            "total": 0.06364970002323389,
            "count": 1,
            "self": 0.06364970002323389
        },
        "TrainerController.start_learning": {
            "total": 74.10237019998021,
            "count": 1,
            "self": 0.010425899643450975,
            "children": {
                "TrainerController._reset_env": {
                    "total": 11.78479810000863,
                    "count": 1,
                    "self": 11.78479810000863
                },
                "TrainerController.advance": {
                    "total": 62.21754620032152,
                    "count": 676,
                    "self": 0.009301700221840292,
                    "children": {
                        "env_step": {
                            "total": 62.127893100259826,
                            "count": 676,
                            "self": 59.541692700004205,
                            "children": {
                                "SubprocessEnvManager._take_step": {
                                    "total": 2.5803528996766545,
                                    "count": 677,
                                    "self": 0.031077199790161103,
                                    "children": {
                                        "TorchPolicy.evaluate": {
                                            "total": 2.5492756998864934,
                                            "count": 677,
                                            "self": 2.5492756998864934
                                        }
                                    }
                                },
                                "workers": {
                                    "total": 0.005847500578965992,
                                    "count": 675,
                                    "self": 0.0,
                                    "children": {
                                        "worker_root": {
                                            "total": 6.49932110006921,
                                            "count": 675,
                                            "is_parallel": true,
                                            "self": 3.6208354011760093,
                                            "children": {
                                                "steps_from_proto": {
                                                    "total": 0.0005474999779835343,
                                                    "count": 2,
                                                    "is_parallel": true,
                                                    "self": 0.0002437999937683344,
                                                    "children": {
                                                        "_process_rank_one_or_two_observation": {
                                                            "total": 0.00030369998421519995,
                                                            "count": 8,
                                                            "is_parallel": true,
                                                            "self": 0.00030369998421519995
                                                        }
                                                    }
                                                },
                                                "UnityEnvironment.step": {
                                                    "total": 2.877938198915217,
                                                    "count": 675,
                                                    "is_parallel": true,
                                                    "self": 0.03925959923071787,
                                                    "children": {
                                                        "UnityEnvironment._generate_step_input": {
                                                            "total": 0.034176000219304115,
                                                            "count": 675,
                                                            "is_parallel": true,
                                                            "self": 0.034176000219304115
                                                        },
                                                        "communicator.exchange": {
                                                            "total": 2.6786875998950563,
                                                            "count": 675,
                                                            "is_parallel": true,
                                                            "self": 2.6786875998950563
                                                        },
                                                        "steps_from_proto": {
                                                            "total": 0.12581499957013875,
                                                            "count": 675,
                                                            "is_parallel": true,
                                                            "self": 0.06255730002885684,
                                                            "children": {
                                                                "_process_rank_one_or_two_observation": {
                                                                    "total": 0.06325769954128191,
                                                                    "count": 2700,
                                                                    "is_parallel": true,
                                                                    "self": 0.06325769954128191
                                                                }
                                                            }
                                                        }
                                                    }
                                                }
                                            }
                                        }
                                    }
                                }
                            }
                        },
                        "trainer_advance": {
                            "total": 0.08035139983985573,
                            "count": 675,
                            "self": 0.012192699534352869,
                            "children": {
                                "process_trajectory": {
                                    "total": 0.06815870030550286,
                                    "count": 675,
                                    "self": 0.06815870030550286
                                }
                            }
                        }
                    }
                },
                "trainer_threads": {
                    "total": 7.00005330145359e-07,
                    "count": 1,
                    "self": 7.00005330145359e-07
                },
                "TrainerController._save_models": {
                    "total": 0.08959930000128224,
                    "count": 1,
                    "self": 0.01198469998780638,