{
    "name": "root",
    "metadata": {
        "timer_format_version": "0.1.0",
        "start_time_seconds": "1710293525",
        "python_version": "3.10.12 | packaged by Anaconda, Inc. | (main, Jul  5 2023, 19:01:18) [MSC v.1916 64 bit (AMD64)]",
        "command_line_arguments": "C:\\Users\\tbont\\anaconda3\\envs\\mlagents\\Scripts\\mlagents-learn RollerballConfig2.yaml --run-id=MazeRunner_11",
        "mlagents_version": "1.1.0.dev0",
        "mlagents_envs_version": "1.1.0.dev0",
        "communication_protocol_version": "1.5.0",
        "pytorch_version": "1.13.1+cu117",
        "numpy_version": "1.23.5",
        "end_time_seconds": "1710293641"
    },
    "total": 116.71635919995606,
    "count": 1,
    "self": 0.004889799922239035,
    "children": {
        "run_training.setup": {
            "total": 0.06752199999755248,
            "count": 1,
            "self": 0.06752199999755248
        },
        "TrainerController.start_learning": {
            "total": 116.64394740003627,
            "count": 1,
            "self": 0.00044810003601014614,
            "children": {
                "TrainerController._reset_env": {
                    "total": 10.788134999980684,
                    "count": 1,
                    "self": 10.788134999980684
                },
                "TrainerController.advance": {
                    "total": 105.65804520004895,
                    "count": 2,
                    "self": 3.990007098764181e-05,
                    "children": {
                        "env_step": {
                            "total": 105.65797559998464,
                            "count": 2,
                            "self": 105.65795359999174,
                            "children": {
                                "SubprocessEnvManager._take_step": {
                                    "total": 1.0600022505968809e-05,
                                    "count": 2,
                                    "self": 1.0600022505968809e-05
                                },
                                "workers": {
                                    "total": 1.1399970389902592e-05,
                                    "count": 1,
                                    "self": 0.0,
                                    "children": {
                                        "worker_root": {
                                            "total": 48.953067200025544,
                                            "count": 1,
                                            "is_parallel": true,
                                            "self": 0.939960699994117,
                                            "children": {
                                                "steps_from_proto": {
                                                    "total": 0.00019350001821294427,
                                                    "count": 1,
                                                    "is_parallel": true,
                                                    "self": 6.280007073655725e-05,
                                                    "children": {
                                                        "_process_rank_one_or_two_observation": {
                                                            "total": 0.00013069994747638702,
                                                            "count": 4,
                                                            "is_parallel": true,
                                                            "self": 0.00013069994747638702
                                                        }
                                                    }
                                                },
                                                "UnityEnvironment.step": {
                                                    "total": 48.012913000013214,
                                                    "count": 1,
                                                    "is_parallel": true,
                                                    "self": 0.00038670003414154053,
                                                    "children": {
                                                        "UnityEnvironment._generate_step_input": {
                                                            "total": 4.6200002543628216e-05,
                                                            "count": 1,
                                                            "is_parallel": true,
                                                            "self": 4.6200002543628216e-05
                                                        },
                                                        "communicator.exchange": {
                                                            "total": 48.01232089998666,
                                                            "count": 1,
                                                            "is_parallel": true,
                                                            "self": 48.01232089998666
                                                        },
                                                        "steps_from_proto": {
                                                            "total": 0.00015919998986646533,
                                                            "count": 1,
                                                            "is_parallel": true,
                                                            "self": 5.689996760338545e-05,
                                                            "children": {
                                                                "_process_rank_one_or_two_observation": {
                                                                    "total": 0.00010230002226307988,
                                                                    "count": 4,
                                                                    "is_parallel": true,
                                                                    "self": 0.00010230002226307988
                                                                }
                                                            }
                                                        }
                                                    }
                                                }
                                            }
                                        }
                                    }
                                }
                            }
                        },
                        "trainer_advance": {
                            "total": 2.9699993319809437e-05,
                            "count": 1,
                            "self": 2.099998528137803e-05,
                            "children": {
                                "process_trajectory": {
                                    "total": 8.700008038431406e-06,
                                    "count": 1,
                                    "self": 8.700008038431406e-06
                                }
                            }
                        }
                    }
                },
                "trainer_threads": {
                    "total": 7.00005330145359e-07,
                    "count": 1,
                    "self": 7.00005330145359e-07
                },
                "TrainerController._save_models": {
                    "total": 0.19731839996529743,
                    "count": 1,
                    "self": 0.01784289994975552,
                    "children": {
                        "RLTrainer._checkpoint": {
                            "total": 0.1794755000155419,
                            "count": 1,
                            "self": 0.1794755000155419
                        }
                    }
                }
            }
        }
    }
}