{
    "name": "root",
    "gauges": {
        "RollerAgent.Policy.Entropy.mean": {
            "value": 3.1697263717651367,
            "min": 3.1218388080596924,
            "max": 3.4981939792633057,
            "count": 37
        },
        "RollerAgent.Policy.Entropy.sum": {
            "value": 30429.373046875,
            "min": 28740.5390625,
            "max": 39179.7734375,
            "count": 37
        },
        "RollerAgent.Goal.Correct.mean": {
            "value": 0.0,
            "min": 0.0,
            "max": 0.0,
            "count": 3
        },
        "RollerAgent.Goal.Correct.sum": {
            "value": 0.0,
            "min": 0.0,
            "max": 0.0,
            "count": 3
        },
        "RollerAgent.Step.mean": {
            "value": 369952.0,
            "min": 9984.0,
            "max": 369952.0,
            "count": 37
        },
        "RollerAgent.Step.sum": {
            "value": 369952.0,
            "min": 9984.0,
            "max": 369952.0,
            "count": 37
        },
        "RollerAgent.Policy.ExtrinsicValueEstimate.mean": {
            "value": -2.6137022972106934,
            "min": -3.725895881652832,
            "max": -0.061094753444194794,
            "count": 37
        },
        "RollerAgent.Policy.ExtrinsicValueEstimate.sum": {
            "value": -407.737548828125,
            "min": -581.23974609375,
            "max": -9.530781745910645,
            "count": 37
        },
        "RollerAgent.IsTraining.mean": {
            "value": 1.0,
            "min": 1.0,
            "max": 1.0,
            "count": 37
        },
        "RollerAgent.IsTraining.sum": {
            "value": 1.0,
            "min": 1.0,
            "max": 1.0,
            "count": 37
        },
        "RollerAgent.Losses.PolicyLoss.mean": {
            "value": 0.02611747969252368,
            "min": 0.018164180130891813,
            "max": 0.031350772505781305,
            "count": 33
        },
        "RollerAgent.Losses.PolicyLoss.sum": {
            "value": 0.02611747969252368,
            "min": 0.018164180130891813,
            "max": 0.031350772505781305,
            "count": 33
        },
        "RollerAgent.Losses.ValueLoss.mean": {
            "value": 0.027402329569061596,
            "min": 0.026702471636235715,
            "max": 1.9740749756495157,
            "count": 33
        },
        "RollerAgent.Losses.ValueLoss.sum": {
            "value": 0.027402329569061596,
            "min": 0.026702471636235715,
            "max": 1.9740749756495157,
            "count": 33
        },
        "RollerAgent.Policy.LearningRate.mean": {
            "value": 0.00029977872007375995,
            "min": 0.00029977872007375995,
            "max": 0.00029999328000224006,
            "count": 33
        },
        "RollerAgent.Policy.LearningRate.sum": {
            "value": 0.00029977872007375995,
            "min": 0.00029977872007375995,
            "max": 0.00029999328000224006,
            "count": 33
        },
        "RollerAgent.Policy.Epsilon.mean": {
            "value": 0.19992623999999998,
            "min": 0.19992623999999998,
            "max": 0.1999977600000001,
            "count": 33
        },
        "RollerAgent.Policy.Epsilon.sum": {
            "value": 0.19992623999999998,
            "min": 0.19992623999999998,
            "max": 0.1999977600000001,
            "count": 33
        },
        "RollerAgent.Policy.Beta.mean": {
            "value": 0.0004996385759999999,
            "min": 0.0004996385759999999,
            "max": 0.0004999890239999998,
            "count": 33
        },
        "RollerAgent.Policy.Beta.sum": {
            "value": 0.0004996385759999999,
            "min": 0.0004996385759999999,
            "max": 0.0004999890239999998,
            "count": 33
        },
        "RollerAgent.Environment.EpisodeLength.mean": {
            "value": 5999.0,
            "min": 5999.0,
            "max": 5999.0,
            "count": 2
        },
        "RollerAgent.Environment.EpisodeLength.sum": {
            "value": 149975.0,
            "min": 149975.0,
            "max": 149975.0,
            "count": 2
        },
        "RollerAgent.Environment.CumulativeReward.mean": {
            "value": -164.99985480308533,
            "min": -263.99986755568534,
            "max": -151.3540197846402,
            "count": 4
        },
        "RollerAgent.Environment.CumulativeReward.sum": {
            "value": -164.99985480308533,
            "min": -6043.996810096316,
            "max": -164.99985480308533,
            "count": 4
        },
        "RollerAgent.Policy.ExtrinsicReward.mean": {
            "value": -164.99985480308533,
            "min": -263.99986755568534,
            "max": -151.3540197846402,
            "count": 4
        },
        "RollerAgent.Policy.ExtrinsicReward.sum": {
            "value": -164.99985480308533,
            "min": -6043.996810096316,
            "max": -164.99985480308533,
            "count": 4
        }
    },
    "metadata": {
        "timer_format_version": "0.1.0",
        "start_time_seconds": "1710370161",
        "python_version": "3.10.12 | packaged by Anaconda, Inc. | (main, Jul  5 2023, 19:01:18) [MSC v.1916 64 bit (AMD64)]",
        "command_line_arguments": "C:\\Users\\tbont\\anaconda3\\envs\\mlagents\\Scripts\\mlagents-learn RollerballConfig.yaml --run-id=MazeRunner_Seeded_42_13",
        "mlagents_version": "1.1.0.dev0",
        "mlagents_envs_version": "1.1.0.dev0",
        "communication_protocol_version": "1.5.0",
        "pytorch_version": "1.13.1+cu117",
        "numpy_version": "1.23.5",
        "end_time_seconds": "1710370414"
    },
    "total": 252.89718969998648,
    "count": 1,
    "self": 0.0049368999898433685,
    "children": {
        "run_training.setup": {
            "total": 0.06676469999365509,
            "count": 1,
            "self": 0.06676469999365509
        },
        "TrainerController.start_learning": {
            "total": 252.82548810000299,
            "count": 1,
            "self": 0.24634240177692845,
            "children": {
                "TrainerController._reset_env": {
                    "total": 4.401035799994133,
                    "count": 1,
                    "self": 4.401035799994133
                },
                "TrainerController.advance": {
                    "total": 248.1004141982412,
                    "count": 15068,
                    "self": 0.28170509805204347,
                    "children": {
                        "env_step": {
                            "total": 177.51917220052565,
                            "count": 15068,
                            "self": 128.92022259457735,
                            "children": {
                                "SubprocessEnvManager._take_step": {
                                    "total": 48.436970799812116,
                                    "count": 15068,
                                    "self": 0.8623788022669032,
                                    "children": {
                                        "TorchPolicy.evaluate": {
                                            "total": 47.57459199754521,
                                            "count": 15066,
                                            "self": 47.57459199754521
                                        }
                                    }
                                },
                                "workers": {
                                    "total": 0.161978806136176,
                                    "count": 15067,
                                    "self": 0.0,
                                    "children": {
                                        "worker_root": {
                                            "total": 244.1454957021051,
                                            "count": 15067,
                                            "is_parallel": true,