{
    "name": "root",
    "metadata": {
        "timer_format_version": "0.1.0",
        "start_time_seconds": "1710298035",
        "python_version": "3.10.12 | packaged by Anaconda, Inc. | (main, Jul  5 2023, 19:01:18) [MSC v.1916 64 bit (AMD64)]",
        "command_line_arguments": "C:\\Users\\tbont\\anaconda3\\envs\\mlagents\\Scripts\\mlagents-learn RollerballConfig2.yaml --run-id=MazeRunner_31",
        "mlagents_version": "1.1.0.dev0",
        "mlagents_envs_version": "1.1.0.dev0",
        "communication_protocol_version": "1.5.0",
        "pytorch_version": "1.13.1+cu117",
        "numpy_version": "1.23.5",
        "end_time_seconds": "1710298131"
    },
    "total": 96.30593329999829,
    "count": 1,
    "self": 0.007453600002918392,
    "children": {
        "run_training.setup": {
            "total": 0.06437979999464005,
            "count": 1,
            "self": 0.06437979999464005
        },
        "TrainerController.start_learning": {
            "total": 96.23409990000073,
            "count": 1,
            "self": 0.1286489989142865,
            "children": {
                "TrainerController._reset_env": {
                    "total": 10.98596219997853,
                    "count": 1,
                    "self": 10.98596219997853
                },
                "TrainerController.advance": {
                    "total": 85.0138777011307,
                    "count": 8487,
                    "self": 0.11430960008874536,
                    "children": {
                        "env_step": {
                            "total": 80.44545590260532,
                            "count": 8487,
                            "self": 50.20409259956796,
                            "children": {
                                "SubprocessEnvManager._take_step": {
                                    "total": 30.163145503844135,
                                    "count": 8488,
                                    "self": 0.4188614037120715,
                                    "children": {
                                        "TorchPolicy.evaluate": {
                                            "total": 29.744284100132063,
                                            "count": 8488,
                                            "self": 29.744284100132063
                                        }
                                    }
                                },
                                "workers": {
                                    "total": 0.0782177991932258,
                                    "count": 8486,
                                    "self": 0.0,
                                    "children": {
                                        "worker_root": {
                                            "total": 72.43286719958996,
                                            "count": 8486,
                                            "is_parallel": true,
                                            "self": 41.27378419780871,
                                            "children": {
                                                "steps_from_proto": {
                                                    "total": 0.0002539000124670565,
                                                    "count": 1,
                                                    "is_parallel": true,
                                                    "self": 0.0001191999763250351,
                                                    "children": {
                                                        "_process_rank_one_or_two_observation": {
                                                            "total": 0.00013470003614202142,
                                                            "count": 4,
                                                            "is_parallel": true,
                                                            "self": 0.00013470003614202142
                                                        }
                                                    }
                                                },
                                                "UnityEnvironment.step": {
                                                    "total": 31.158829101768788,
                                                    "count": 8486,
                                                    "is_parallel": true,
                                                    "self": 0.4669817012618296,
                                                    "children": {
                                                        "UnityEnvironment._generate_step_input": {
                                                            "total": 0.4348676991648972,
                                                            "count": 8486,
                                                            "is_parallel": true,
                                                            "self": 0.4348676991648972
                                                        },
                                                        "communicator.exchange": {
                                                            "total": 28.74551020085346,
                                                            "count": 8486,
                                                            "is_parallel": true,
                                                            "self": 28.74551020085346
                                                        },
                                                        "steps_from_proto": {
                                                            "total": 1.5114695004886016,
                                                            "count": 8486,
                                                            "is_parallel": true,
                                                            "self": 0.7492368030361831,
                                                            "children": {
                                                                "_process_rank_one_or_two_observation": {
                                                                    "total": 0.7622326974524185,
                                                                    "count": 33944,
                                                                    "is_parallel": true,
                                                                    "self": 0.7622326974524185
                                                                }
                                                            }
                                                        }
                                                    }
                                                }
                                            }
                                        }
                                    }
                                }
                            }
                        },
                        "trainer_advance": {
                            "total": 4.454112198436633,
                            "count": 8486,
                            "self": 0.1643659956753254,
                            "children": {
                                "process_trajectory": {
                                    "total": 1.157442502619233,
                                    "count": 8486,
                                    "self": 1.157442502619233
                                },
                                "_update_policy": {
                                    "total": 3.1323037001420744,
                                    "count": 9,
                                    "self": 0.08356410055421293,
                                    "children": {
                                        "TorchPPOOptimizer.update": {
                                            "total": 3.0487395995878614,
                                            "count": 216,