{
    "name": "root",
    "gauges": {
        "RollerAgent.Policy.Entropy.mean": {
            "value": 3.488142967224121,
            "min": 3.488142967224121,
            "max": 3.498178243637085,
            "count": 2
        },
        "RollerAgent.Policy.Entropy.sum": {
            "value": 35579.05859375,
            "min": 35579.05859375,
            "max": 39179.59765625,
            "count": 2
        },
        "RollerAgent.Goal.Correct.mean": {
            "value": 0.0,
            "min": 0.0,
            "max": 0.0,
            "count": 2
        },
        "RollerAgent.Goal.Correct.sum": {
            "value": 0.0,
            "min": 0.0,
            "max": 0.0,
            "count": 2
        },
        "RollerAgent.Step.mean": {
            "value": 19992.0,
            "min": 9984.0,
            "max": 19992.0,
            "count": 2
        },
        "RollerAgent.Step.sum": {
            "value": 19992.0,
            "min": 9984.0,
            "max": 19992.0,
            "count": 2
        },
        "RollerAgent.Policy.ExtrinsicValueEstimate.mean": {
            "value": -0.8479588627815247,
            "min": -0.8479588627815247,
            "max": 0.18059417605400085,
            "count": 2
        },
        "RollerAgent.Policy.ExtrinsicValueEstimate.sum": {
            "value": -145.8489227294922,
            "min": -145.8489227294922,
            "max": 28.172691345214844,
            "count": 2
        },
        "RollerAgent.IsTraining.mean": {
            "value": 1.0,
            "min": 1.0,
            "max": 1.0,
            "count": 2
        },
        "RollerAgent.IsTraining.sum": {
            "value": 1.0,
            "min": 1.0,
            "max": 1.0,
            "count": 2
        },
        "RollerAgent.Losses.PolicyLoss.mean": {
            "value": 0.025329510032800803,
            "min": 0.025329510032800803,
            "max": 0.025329510032800803,
            "count": 1
        },
        "RollerAgent.Losses.PolicyLoss.sum": {
            "value": 0.025329510032800803,
            "min": 0.025329510032800803,
            "max": 0.025329510032800803,
            "count": 1
        },
        "RollerAgent.Losses.ValueLoss.mean": {
            "value": 1.8526525815327963,
            "min": 1.8526525815327963,
            "max": 1.8526525815327963,
            "count": 1
        },
        "RollerAgent.Losses.ValueLoss.sum": {
            "value": 1.8526525815327963,
            "min": 1.8526525815327963,
            "max": 1.8526525815327963,
            "count": 1
        },
        "RollerAgent.Policy.LearningRate.mean": {
            "value": 0.00029999328000224006,
            "min": 0.00029999328000224006,
            "max": 0.00029999328000224006,
            "count": 1
        },
        "RollerAgent.Policy.LearningRate.sum": {
            "value": 0.00029999328000224006,
            "min": 0.00029999328000224006,
            "max": 0.00029999328000224006,
            "count": 1
        },
        "RollerAgent.Policy.Epsilon.mean": {
            "value": 0.1999977600000001,
            "min": 0.1999977600000001,
            "max": 0.1999977600000001,
            "count": 1
        },
        "RollerAgent.Policy.Epsilon.sum": {
            "value": 0.1999977600000001,
            "min": 0.1999977600000001,
            "max": 0.1999977600000001,
            "count": 1
        },
        "RollerAgent.Policy.Beta.mean": {
            "value": 0.0004999890239999998,
            "min": 0.0004999890239999998,
            "max": 0.0004999890239999998,
            "count": 1
        },
        "RollerAgent.Policy.Beta.sum": {
            "value": 0.0004999890239999998,
            "min": 0.0004999890239999998,
            "max": 0.0004999890239999998,
            "count": 1
        },
        "RollerAgent.Environment.EpisodeLength.mean": {
            "value": 599.0,
            "min": 599.0,
            "max": 599.0,
            "count": 1
        },
        "RollerAgent.Environment.EpisodeLength.sum": {
            "value": 14975.0,
            "min": 14975.0,
            "max": 14975.0,
            "count": 1
        },
        "RollerAgent.Environment.CumulativeReward.mean": {
            "value": -56.40786924995482,
            "min": -56.40786924995482,
            "max": -56.40786924995482,
            "count": 1
        },
        "RollerAgent.Environment.CumulativeReward.sum": {
            "value": -1410.1967312488705,
            "min": -1410.1967312488705,
            "max": -1410.1967312488705,
            "count": 1
        },
        "RollerAgent.Policy.ExtrinsicReward.mean": {
            "value": -56.40786924995482,
            "min": -56.40786924995482,
            "max": -56.40786924995482,
            "count": 1
        },
        "RollerAgent.Policy.ExtrinsicReward.sum": {
            "value": -1410.1967312488705,
            "min": -1410.1967312488705,
            "max": -1410.1967312488705,
            "count": 1
        }
    },
    "metadata": {
        "timer_format_version": "0.1.0",
        "start_time_seconds": "1710367714",
        "python_version": "3.10.12 | packaged by Anaconda, Inc. | (main, Jul  5 2023, 19:01:18) [MSC v.1916 64 bit (AMD64)]",
        "command_line_arguments": "C:\\Users\\tbont\\anaconda3\\envs\\mlagents\\Scripts\\mlagents-learn RollerballConfig.yaml --run-id=MazeRunner_Seeded_42_10",
        "mlagents_version": "1.1.0.dev0",
        "mlagents_envs_version": "1.1.0.dev0",
        "communication_protocol_version": "1.5.0",
        "pytorch_version": "1.13.1+cu117",
        "numpy_version": "1.23.5",
        "end_time_seconds": "1710367759"
    },
    "total": 44.58959039999172,
    "count": 1,
    "self": 0.14246550004463643,
    "children": {
        "run_training.setup": {
            "total": 0.06737869995413348,
            "count": 1,
            "self": 0.06737869995413348
        },
        "TrainerController.start_learning": {
            "total": 44.37974619999295,
            "count": 1,
            "self": 0.01773249969119206,
            "children": {
                "TrainerController._reset_env": {
                    "total": 6.156827699975111,
                    "count": 1,
                    "self": 6.156827699975111
                },
                "TrainerController.advance": {
                    "total": 38.12966590031283,
                    "count": 1004,
                    "self": 0.01989349868381396,
                    "children": {
                        "env_step": {
                            "total": 33.55196880106814,
                            "count": 1004,
                            "self": 29.744815699581522,
                            "children": {
                                "SubprocessEnvManager._take_step": {
                                    "total": 3.7966347011970356,
                                    "count": 1004,
                                    "self": 0.0625268017174676,
                                    "children": {
                                        "TorchPolicy.evaluate": {
                                            "total": 3.734107899479568,
                                            "count": 1003,
                                            "self": 3.734107899479568
                                        }
                                    }
                                },
                                "workers": {
                                    "total": 0.010518400289583951,
                                    "count": 1003,
                                    "self": 0.0,
                                    "children": {
                                        "worker_root": {
                                            "total": 36.269160800089594,
                                            "count": 1003,
                                            "is_parallel": true,
                                            "self": 10.223639600444585,